<?xml version="1.0" encoding="UTF-8"?>
<GenRun Id="impl_1" LaunchPart="xc7a35tcpg236-1" LaunchTime="1746331485">
  <File Type="ROUTE-PWR" Name="matrix_mult_power_routed.rpt"/>
  <File Type="PA-TCL" Name="matrix_mult.tcl"/>
  <File Type="OPT-METHODOLOGY-DRC" Name="matrix_mult_methodology_drc_opted.rpt"/>
  <File Type="INIT-TIMING" Name="matrix_mult_timing_summary_init.rpt"/>
  <File Type="ROUTE-PWR-SUM" Name="matrix_mult_power_summary_routed.pb"/>
  <File Type="OPT-RQA-PB" Name="matrix_mult_rqa_opted.pb"/>
  <File Type="REPORTS-TCL" Name="matrix_mult_reports.tcl"/>
  <File Type="OPT-TIMING" Name="matrix_mult_timing_summary_opted.rpt"/>
  <File Type="OPT-DCP" Name="matrix_mult_opt.dcp"/>
  <File Type="OPT-DRC" Name="matrix_mult_drc_opted.rpt"/>
  <File Type="OPT-HWDEF" Name="matrix_mult.hwdef"/>
  <File Type="PWROPT-DCP" Name="matrix_mult_pwropt.dcp"/>
  <File Type="PWROPT-DRC" Name="matrix_mult_drc_pwropted.rpt"/>
  <File Type="PWROPT-TIMING" Name="matrix_mult_timing_summary_pwropted.rpt"/>
  <File Type="PLACE-DCP" Name="matrix_mult_placed.dcp"/>
  <File Type="PLACE-IO" Name="matrix_mult_io_placed.rpt"/>
  <File Type="PLACE-CLK" Name="matrix_mult_clock_utilization_placed.rpt"/>
  <File Type="PLACE-UTIL" Name="matrix_mult_utilization_placed.rpt"/>
  <File Type="PLACE-UTIL-PB" Name="matrix_mult_utilization_placed.pb"/>
  <File Type="PLACE-CTRL" Name="matrix_mult_control_sets_placed.rpt"/>
  <File Type="PLACE-SIMILARITY" Name="matrix_mult_incremental_reuse_placed.rpt"/>
  <File Type="PLACE-PRE-SIMILARITY" Name="matrix_mult_incremental_reuse_pre_placed.rpt"/>
  <File Type="BG-BIN" Name="matrix_mult.bin"/>
  <File Type="PLACE-TIMING" Name="matrix_mult_timing_summary_placed.rpt"/>
  <File Type="ROUTE-PWR-RPX" Name="matrix_mult_power_routed.rpx"/>
  <File Type="PLACE-RQA-PB" Name="matrix_mult_rqa_placed.pb"/>
  <File Type="POSTPLACE-PWROPT-DCP" Name="matrix_mult_postplace_pwropt.dcp"/>
  <File Type="BITSTR-MSK" Name="matrix_mult.msk"/>
  <File Type="POSTPLACE-PWROPT-TIMING" Name="matrix_mult_timing_summary_postplace_pwropted.rpt"/>
  <File Type="PHYSOPT-DCP" Name="matrix_mult_physopt.dcp"/>
  <File Type="PHYSOPT-DRC" Name="matrix_mult_drc_physopted.rpt"/>
  <File Type="BITSTR-RBT" Name="matrix_mult.rbt"/>
  <File Type="PHYSOPT-TIMING" Name="matrix_mult_timing_summary_physopted.rpt"/>
  <File Type="ROUTE-ERROR-DCP" Name="matrix_mult_routed_error.dcp"/>
  <File Type="ROUTE-DCP" Name="matrix_mult_routed.dcp"/>
  <File Type="ROUTE-BLACKBOX-DCP" Name="matrix_mult_routed_bb.dcp"/>
  <File Type="ROUTE-DRC" Name="matrix_mult_drc_routed.rpt"/>
  <File Type="ROUTE-DRC-PB" Name="matrix_mult_drc_routed.pb"/>
  <File Type="ROUTE-DRC-RPX" Name="matrix_mult_drc_routed.rpx"/>
  <File Type="ROUTE-METHODOLOGY-DRC" Name="matrix_mult_methodology_drc_routed.rpt"/>
  <File Type="ROUTE-METHODOLOGY-DRC-RPX" Name="matrix_mult_methodology_drc_routed.rpx"/>
  <File Type="ROUTE-METHODOLOGY-DRC-PB" Name="matrix_mult_methodology_drc_routed.pb"/>
  <File Type="ROUTE-RQS-PB" Name="matrix_mult_rqs_routed.pb"/>
  <File Type="ROUTE-STATUS" Name="matrix_mult_route_status.rpt"/>
  <File Type="ROUTE-STATUS-PB" Name="matrix_mult_route_status.pb"/>
  <File Type="ROUTE-TIMINGSUMMARY" Name="matrix_mult_timing_summary_routed.rpt"/>
  <File Type="ROUTE-TIMING-PB" Name="matrix_mult_timing_summary_routed.pb"/>
  <File Type="ROUTE-TIMING-RPX" Name="matrix_mult_timing_summary_routed.rpx"/>
  <File Type="ROUTE-SIMILARITY" Name="matrix_mult_incremental_reuse_routed.rpt"/>
  <File Type="ROUTE-CLK" Name="matrix_mult_clock_utilization_routed.rpt"/>
  <File Type="ROUTE-BUS-SKEW" Name="matrix_mult_bus_skew_routed.rpt"/>
  <File Type="ROUTE-BUS-SKEW-PB" Name="matrix_mult_bus_skew_routed.pb"/>
  <File Type="ROUTE-BUS-SKEW-RPX" Name="matrix_mult_bus_skew_routed.rpx"/>
  <File Type="POSTROUTE-PHYSOPT-DCP" Name="matrix_mult_postroute_physopt.dcp"/>
  <File Type="POSTROUTE-PHYSOPT-BLACKBOX-DCP" Name="matrix_mult_postroute_physopt_bb.dcp"/>
  <File Type="POSTROUTE-PHYSOPT-TIMING" Name="matrix_mult_timing_summary_postroute_physopted.rpt"/>
  <File Type="POSTROUTE-PHYSOPT-TIMING-PB" Name="matrix_mult_timing_summary_postroute_physopted.pb"/>
  <File Type="POSTROUTE-PHYSOPT-TIMING-RPX" Name="matrix_mult_timing_summary_postroute_physopted.rpx"/>
  <File Type="POSTROUTE-PHYSOPT-BUS-SKEW" Name="matrix_mult_bus_skew_postroute_physopted.rpt"/>
  <File Type="BG-BIT" Name="matrix_mult.bit"/>
  <File Type="POSTROUTE-PHYSOPT-BUS-SKEW-PB" Name="matrix_mult_bus_skew_postroute_physopted.pb"/>
  <File Type="POSTROUTE-PHYSOPT-BUS-SKEW-RPX" Name="matrix_mult_bus_skew_postroute_physopted.rpx"/>
  <File Type="BITSTR-NKY" Name="matrix_mult.nky"/>
  <File Type="BITSTR-BMM" Name="matrix_mult_bd.bmm"/>
  <File Type="BITSTR-MMI" Name="matrix_mult.mmi"/>
  <File Type="PDI-FILE" Name="matrix_mult.pdi"/>
  <File Type="BOOT-PDI-FILE" Name="matrix_mult_boot.pdi"/>
  <File Type="PL-PDI-FILE" Name="matrix_mult_pld.pdi"/>
  <File Type="RCFI_FILE" Name="matrix_mult.rcfi"/>
  <File Type="CFI_FILE" Name="matrix_mult.cfi"/>
  <File Type="RNPI_FILE" Name="matrix_mult.rnpi"/>
  <File Type="NPI_FILE" Name="matrix_mult.npi"/>
  <File Type="RBD_FILE" Name="matrix_mult.rbd"/>
  <File Type="BITSTR-LTX" Name="debug_nets.ltx"/>
  <File Type="BITSTR-LTX" Name="matrix_mult.ltx"/>
  <File Type="BITSTR-SYSDEF" Name="matrix_mult.sysdef"/>
  <File Type="BG-BGN" Name="matrix_mult.bgn"/>
  <File Type="BG-DRC" Name="matrix_mult.drc"/>
  <File Type="RDI-RDI" Name="matrix_mult.vdi"/>
  <File Type="WBT-USG" Name="usage_statistics_webtalk.html"/>
  <File Type="ROUTE-RQS" Name="matrix_mult_routed.rqs"/>
  <File Type="POSTROUTE-PHYSOPT-RQS" Name="matrix_mult_postroute_physopted.rqs"/>
  <File Type="ROUTE-RQS-RPT" Name="route_report_qor_suggestions_0.rpt"/>
  <File Type="POSTROUTE-PHYSOPT-RQS-RPT" Name="postroute_physopt_report_qor_suggestions_0.rpt"/>
  <FileSet Name="sources" Type="DesignSrcs" RelSrcDir="$PSRCDIR/sources_1" RelGenDir="$PGENDIR/sources_1">
    <Filter Type="Srcs"/>
    <File Path="$PSRCDIR/sources_1/imports/Downloads/multiply.sv">
      <FileInfo>
        <Attr Name="ImportPath" Val="$PPRDIR/../Downloads/multiply.sv"/>
        <Attr Name="ImportTime" Val="1746331089"/>
        <Attr Name="UsedIn" Val="synthesis"/>
        <Attr Name="UsedIn" Val="implementation"/>
        <Attr Name="UsedIn" Val="simulation"/>
      </FileInfo>
    </File>
    <File Path="$PSRCDIR/sources_1/imports/Downloads/matrix_mult.sv">
      <FileInfo>
        <Attr Name="ImportPath" Val="$PPRDIR/../Downloads/matrix_mult.sv"/>
        <Attr Name="ImportTime" Val="1746331064"/>
        <Attr Name="UsedIn" Val="synthesis"/>
        <Attr Name="UsedIn" Val="implementation"/>
        <Attr Name="UsedIn" Val="simulation"/>
      </FileInfo>
    </File>
    <File Path="$PSRCDIR/sources_1/imports/Downloads/UART_RX.sv">
      <FileInfo>
        <Attr Name="AutoDisabled" Val="1"/>
        <Attr Name="ImportPath" Val="$PPRDIR/../Downloads/UART_RX.sv"/>
        <Attr Name="ImportTime" Val="1746330739"/>
        <Attr Name="UsedIn" Val="synthesis"/>
        <Attr Name="UsedIn" Val="implementation"/>
        <Attr Name="UsedIn" Val="simulation"/>
      </FileInfo>
    </File>
    <File Path="$PSRCDIR/sources_1/imports/Downloads/UART_TX.sv">
      <FileInfo>
        <Attr Name="AutoDisabled" Val="1"/>
        <Attr Name="ImportPath" Val="$PPRDIR/../Downloads/UART_TX.sv"/>
        <Attr Name="ImportTime" Val="1746330745"/>
        <Attr Name="UsedIn" Val="synthesis"/>
        <Attr Name="UsedIn" Val="implementation"/>
        <Attr Name="UsedIn" Val="simulation"/>
      </FileInfo>
    </File>
    <File Path="$PSRCDIR/sources_1/imports/Downloads/matrixLoader.sv">
      <FileInfo>
        <Attr Name="AutoDisabled" Val="1"/>
        <Attr Name="ImportPath" Val="$PPRDIR/../Downloads/matrixLoader.sv"/>
        <Attr Name="ImportTime" Val="1746330748"/>
        <Attr Name="UsedIn" Val="synthesis"/>
        <Attr Name="UsedIn" Val="implementation"/>
        <Attr Name="UsedIn" Val="simulation"/>
      </FileInfo>
    </File>
    <Config>
      <Option Name="DesignMode" Val="RTL"/>
      <Option Name="TopModule" Val="matrix_mult"/>
      <Option Name="TopAutoSet" Val="TRUE"/>
    </Config>
  </FileSet>
  <FileSet Name="constrs_in" Type="Constrs" RelSrcDir="$PSRCDIR/constrs_1" RelGenDir="$PGENDIR/constrs_1">
    <Filter Type="Constrs"/>
    <File Path="$PSRCDIR/constrs_1/imports/Downloads/top.xdc">
      <FileInfo>
        <Attr Name="ImportPath" Val="$PPRDIR/../Downloads/top.xdc"/>
        <Attr Name="ImportTime" Val="1746330758"/>
        <Attr Name="UsedIn" Val="synthesis"/>
        <Attr Name="UsedIn" Val="implementation"/>
      </FileInfo>
    </File>
    <Config>
      <Option Name="ConstrsType" Val="XDC"/>
    </Config>
  </FileSet>
  <FileSet Name="utils" Type="Utils" RelSrcDir="$PSRCDIR/utils_1" RelGenDir="$PGENDIR/utils_1">
    <Filter Type="Utils"/>
    <Config>
      <Option Name="TopAutoSet" Val="TRUE"/>
    </Config>
  </FileSet>
  <Strategy Version="1" Minor="2">
    <StratHandle Name="Vivado Implementation Defaults" Flow="Vivado Implementation 2024">
      <Desc>Default settings for Implementation.</Desc>
    </StratHandle>
    <Step Id="init_design"/>
    <Step Id="opt_design"/>
    <Step Id="power_opt_design"/>
    <Step Id="place_design"/>
    <Step Id="post_place_power_opt_design"/>
    <Step Id="phys_opt_design"/>
    <Step Id="route_design"/>
    <Step Id="post_route_phys_opt_design"/>
    <Step Id="write_bitstream"/>
  </Strategy>
</GenRun>
